Sample_Type,Genes,Ct
CRC,GAPDH,23.68
CRC,GAPDH,25.78
CRC,GAPDH,32.53
CRC,GAPDH,26.35
CRC,GAPDH,26.43
CRC,GAPDH,27.21
CRC,GAPDH,23.35
CRC,GAPDH,29.24
CRC,GAPDH,26.61
CRC,GAPDH,28.37
CRC,GAPDH,26.53
CRC,GAPDH,26.1
CRC,GAPDH,28.99
CRC,GAPDH,25.27
CRC,GAPDH,27.16
CRC,GAPDH,29.11
CRC,GAPDH,25.88
CRC,GAPDH,25.84
CRC,GAPDH,22.56
CRC,GAPDH,27.84
CRC,GAPDH,29.3
CRC,GAPDH,20.86
CRC,GAPDH,25.66
CRC,GAPDH,25.08
CRC,GAPDH,29.22
CRC,GAPDH,28.74
CRC,GAPDH,30.49
CRC,GAPDH,30.56
CRC,GAPDH,26.83
CRC,GAPDH,24.79
CRC,GAPDH,31.23
CRC,GAPDH,26.2
CRC,GAPDH,23.67
AA,GAPDH,27.45
AA,GAPDH,30.19
AA,GAPDH,27.41
AA,GAPDH,25.72
AA,GAPDH,27.45
AA,GAPDH,28.44
AA,GAPDH,26.55
AA,GAPDH,29.36
AA,GAPDH,26.81
AA,GAPDH,31.99
AA,GAPDH,26.29
AA,GAPDH,29.99
AA,GAPDH,26.65
AA,GAPDH,27.68
AA,GAPDH,29.27
AA,GAPDH,26.86
AA,GAPDH,30.01
AA,GAPDH,29.69
AA,GAPDH,28.85
AA,GAPDH,28.5
AA,GAPDH,29.01
AA,GAPDH,32.59
AA,GAPDH,32.69
AA,GAPDH,31.91
AA,GAPDH,29.97
AA,GAPDH,29.41
AA,GAPDH,27.78
AA,GAPDH,25.68
Col_Neg,GAPDH,30.85
Col_Neg,GAPDH,28.92
Col_Neg,GAPDH,27.28
Col_Neg,GAPDH,32.85
Col_Neg,GAPDH,29.98
Col_Neg,GAPDH,30.5
Col_Neg,GAPDH,28.3
Col_Neg,GAPDH,30.04
Col_Neg,GAPDH,30.41
Col_Neg,GAPDH,29.44
Col_Neg,GAPDH,30.98
Col_Neg,GAPDH,30.37
Col_Neg,GAPDH,29.28
Col_Neg,GAPDH,31.6
Col_Neg,GAPDH,29.56
Col_Neg,GAPDH,31.17
Col_Neg,GAPDH,28.71
Col_Neg,GAPDH,27.71
CON,GAPDH,29.55
CON,GAPDH,26.4
CON,GAPDH,26.67
CON,GAPDH,27.4
CON,GAPDH,27.8
CON,GAPDH,26.26
CON,GAPDH,30
CON,GAPDH,30.49
CON,GAPDH,32.83
CON,GAPDH,29.82
CON,GAPDH,28.22
CON,GAPDH,28.86
CON,GAPDH,29.94
CON,GAPDH,30.1
CON,GAPDH,27.21
CON,GAPDH,29.69
CON,GAPDH,28.68
CON,GAPDH,29.22
CON,GAPDH,30.41
CON,GAPDH,30.42
CON,GAPDH,30.94
CON,GAPDH,29.71
CON,GAPDH,27.84
CON,GAPDH,30.39
CON,GAPDH,30.22
CON,GAPDH,32.14
CON,GAPDH,29.41
CON,GAPDH,25.74
CON,GAPDH,30.1
CON,GAPDH,27.68
CON,GAPDH,29.2
CON,GAPDH,30.55
CON,GAPDH,29.19
CON,GAPDH,30.42
CON,GAPDH,31.2
CRC,TGFBI,28.26
CRC,TGFBI,30.91
CRC,TGFBI,36.26
CRC,TGFBI,28.89
CRC,TGFBI,32.97
CRC,TGFBI,36.66
CRC,TGFBI,26.73
CRC,TGFBI,38.05
CRC,TGFBI,34.92
CRC,TGFBI,34.68
CRC,TGFBI,32.69
CRC,TGFBI,32.24
CRC,TGFBI,34.28
CRC,TGFBI,32.68
CRC,TGFBI,31.15
CRC,TGFBI,36.53
CRC,TGFBI,30.03
CRC,TGFBI,35
CRC,TGFBI,26.47
CRC,TGFBI,36.7
CRC,TGFBI,33.4
CRC,TGFBI,23.77
CRC,TGFBI,27.16
CRC,TGFBI,26.54
CRC,TGFBI,36.34
CRC,TGFBI,35.7
CRC,TGFBI,40
CRC,TGFBI,37.58
CRC,TGFBI,30.39
CRC,TGFBI,27.36
CRC,TGFBI,40
CRC,TGFBI,30.91
CRC,TGFBI,28.26
AA,TGFBI,40
AA,TGFBI,40
AA,TGFBI,32.85
AA,TGFBI,27.47
AA,TGFBI,33.9
AA,TGFBI,40
AA,TGFBI,35.38
AA,TGFBI,38.57
AA,TGFBI,34.89
AA,TGFBI,40
AA,TGFBI,33.93
AA,TGFBI,40
AA,TGFBI,31.78
AA,TGFBI,32.59
AA,TGFBI,35.5
AA,TGFBI,37.54
AA,TGFBI,37.89
AA,TGFBI,36.62
AA,TGFBI,34.2
AA,TGFBI,37.36
AA,TGFBI,36.98
AA,TGFBI,40
AA,TGFBI,40
AA,TGFBI,40
AA,TGFBI,36.15
AA,TGFBI,34.07
AA,TGFBI,36.03
AA,TGFBI,32.02
Col_Neg,TGFBI,40
Col_Neg,TGFBI,40
Col_Neg,TGFBI,37.37
Col_Neg,TGFBI,40
Col_Neg,TGFBI,38.12
Col_Neg,TGFBI,40
Col_Neg,TGFBI,37.56
Col_Neg,TGFBI,40
Col_Neg,TGFBI,37.15
Col_Neg,TGFBI,40
Col_Neg,TGFBI,40
Col_Neg,TGFBI,37.21
Col_Neg,TGFBI,38.11
Col_Neg,TGFBI,40
Col_Neg,TGFBI,37.11
Col_Neg,TGFBI,40
Col_Neg,TGFBI,37.3
Col_Neg,TGFBI,36.79
CON,TGFBI,36.12
CON,TGFBI,36.48
CON,TGFBI,36.37
CON,TGFBI,37.63
CON,TGFBI,35.82
CON,TGFBI,34.29
CON,TGFBI,40
CON,TGFBI,40
CON,TGFBI,40
CON,TGFBI,37.14
CON,TGFBI,36.78
CON,TGFBI,37.37
CON,TGFBI,37.85
CON,TGFBI,38.09
CON,TGFBI,36.76
CON,TGFBI,40
CON,TGFBI,36.75
CON,TGFBI,36.3
CON,TGFBI,37.7
CON,TGFBI,40
CON,TGFBI,38.3
CON,TGFBI,40
CON,TGFBI,40
CON,TGFBI,40
CON,TGFBI,40
CON,TGFBI,37.41
CON,TGFBI,36.88
CON,TGFBI,33.48
CON,TGFBI,40
CON,TGFBI,32.77
CON,TGFBI,37.23
CON,TGFBI,40
CON,TGFBI,40
CON,TGFBI,37.44
CON,TGFBI,40
CRC,RPS10,31.79
CRC,RPS10,34.58
CRC,RPS10,35.71
CRC,RPS10,33.3
CRC,RPS10,35.44
CRC,RPS10,34.97
CRC,RPS10,31.32
CRC,RPS10,38.04
CRC,RPS10,33
CRC,RPS10,35.84
CRC,RPS10,36.13
CRC,RPS10,36
CRC,RPS10,37.76
CRC,RPS10,32.6
CRC,RPS10,33.75
CRC,RPS10,37.06
CRC,RPS10,35.73
CRC,RPS10,38.23
CRC,RPS10,31.31
CRC,RPS10,31.23
CRC,RPS10,34.71
CRC,RPS10,28.72
CRC,RPS10,32.51
CRC,RPS10,32.74
CRC,RPS10,37.02
CRC,RPS10,40
CRC,RPS10,40
CRC,RPS10,40
CRC,RPS10,34.47
CRC,RPS10,32.17
CRC,RPS10,40
CRC,RPS10,33.15
CRC,RPS10,32.41
AA,RPS10,33.6
AA,RPS10,40
AA,RPS10,37.27
AA,RPS10,31.28
AA,RPS10,32.87
AA,RPS10,36.59
AA,RPS10,35.5
AA,RPS10,36.72
AA,RPS10,33.99
AA,RPS10,30.25
AA,RPS10,36.41
AA,RPS10,37.69
AA,RPS10,36.48
AA,RPS10,36.8
AA,RPS10,36.13
AA,RPS10,37.67
AA,RPS10,37.41
AA,RPS10,33.86
AA,RPS10,36.66
AA,RPS10,37.49
AA,RPS10,36.32
AA,RPS10,40
AA,RPS10,40
AA,RPS10,40
AA,RPS10,36.05
AA,RPS10,33.88
AA,RPS10,36.12
AA,RPS10,32.56
Col_Neg,RPS10,40
Col_Neg,RPS10,36.03
Col_Neg,RPS10,34.46
Col_Neg,RPS10,40
Col_Neg,RPS10,39.01
Col_Neg,RPS10,40
Col_Neg,RPS10,34.22
Col_Neg,RPS10,40
Col_Neg,RPS10,37.45
Col_Neg,RPS10,37.4
Col_Neg,RPS10,40
Col_Neg,RPS10,37.04
Col_Neg,RPS10,35.17
Col_Neg,RPS10,40
Col_Neg,RPS10,36.97
Col_Neg,RPS10,39.18
Col_Neg,RPS10,36.85
Col_Neg,RPS10,36.78
CON,RPS10,40
CON,RPS10,31.9
CON,RPS10,36.35
CON,RPS10,35.22
CON,RPS10,34.87
CON,RPS10,34.43
CON,RPS10,38.52
CON,RPS10,36.91
CON,RPS10,40
CON,RPS10,37.17
CON,RPS10,36.55
CON,RPS10,35.73
CON,RPS10,36.14
CON,RPS10,37
CON,RPS10,37.12
CON,RPS10,35.86
CON,RPS10,37.49
CON,RPS10,36.92
CON,RPS10,38.44
CON,RPS10,38.44
CON,RPS10,40
CON,RPS10,40
CON,RPS10,32.64
CON,RPS10,38.41
CON,RPS10,38.1
CON,RPS10,36.53
CON,RPS10,34.27
CON,RPS10,34.15
CON,RPS10,37.22
CON,RPS10,35.72
CON,RPS10,36.68
CON,RPS10,38.46
CON,RPS10,40
CON,RPS10,36.49
CON,RPS10,40
CRC,CEMIP,31.6
CRC,CEMIP,35.53
CRC,CEMIP,40
CRC,CEMIP,31.23
CRC,CEMIP,33.42
CRC,CEMIP,40
CRC,CEMIP,28.93
CRC,CEMIP,40
CRC,CEMIP,34.8
CRC,CEMIP,40
CRC,CEMIP,33.69
CRC,CEMIP,40
CRC,CEMIP,40
CRC,CEMIP,33.76
CRC,CEMIP,32.21
CRC,CEMIP,40
CRC,CEMIP,33.23
CRC,CEMIP,40
CRC,CEMIP,29.53
CRC,CEMIP,40
CRC,CEMIP,40
CRC,CEMIP,29.71
CRC,CEMIP,31.58
CRC,CEMIP,31.21
CRC,CEMIP,40
CRC,CEMIP,40
CRC,CEMIP,40
CRC,CEMIP,40
CRC,CEMIP,40
CRC,CEMIP,31.83
CRC,CEMIP,40
CRC,CEMIP,40
CRC,CEMIP,32.69
AA,CEMIP,40
AA,CEMIP,40
AA,CEMIP,35.53
AA,CEMIP,30.18
AA,CEMIP,34.83
AA,CEMIP,36
AA,CEMIP,40
AA,CEMIP,40
AA,CEMIP,36.01
AA,CEMIP,40
AA,CEMIP,40
AA,CEMIP,40
AA,CEMIP,40
AA,CEMIP,40
AA,CEMIP,40
AA,CEMIP,40
AA,CEMIP,40
AA,CEMIP,35.22
AA,CEMIP,35.26
AA,CEMIP,40
AA,CEMIP,40
AA,CEMIP,40
AA,CEMIP,40
AA,CEMIP,40
AA,CEMIP,40
AA,CEMIP,40
AA,CEMIP,40
AA,CEMIP,34.03
Col_Neg,CEMIP,40
Col_Neg,CEMIP,40
Col_Neg,CEMIP,40
Col_Neg,CEMIP,40
Col_Neg,CEMIP,40
Col_Neg,CEMIP,40
Col_Neg,CEMIP,40
Col_Neg,CEMIP,40
Col_Neg,CEMIP,40
Col_Neg,CEMIP,40
Col_Neg,CEMIP,40
Col_Neg,CEMIP,40
Col_Neg,CEMIP,40
Col_Neg,CEMIP,40
Col_Neg,CEMIP,40
Col_Neg,CEMIP,40
Col_Neg,CEMIP,40
Col_Neg,CEMIP,40
CON,CEMIP,40
CON,CEMIP,40
CON,CEMIP,40
CON,CEMIP,40
CON,CEMIP,40
CON,CEMIP,40
CON,CEMIP,40
CON,CEMIP,40
CON,CEMIP,40
CON,CEMIP,40
CON,CEMIP,40
CON,CEMIP,40
CON,CEMIP,40
CON,CEMIP,40
CON,CEMIP,40
CON,CEMIP,40
CON,CEMIP,40
CON,CEMIP,40
CON,CEMIP,40
CON,CEMIP,40
CON,CEMIP,40
CON,CEMIP,40
CON,CEMIP,40
CON,CEMIP,40
CON,CEMIP,40
CON,CEMIP,40
CON,CEMIP,40
CON,CEMIP,40
CON,CEMIP,40
CON,CEMIP,34.46
CON,CEMIP,40
CON,CEMIP,40
CON,CEMIP,40
CON,CEMIP,40
CON,CEMIP,40
CRC,SLCO4A1,33.2
CRC,SLCO4A1,40
CRC,SLCO4A1,40
CRC,SLCO4A1,34
CRC,SLCO4A1,36.57
CRC,SLCO4A1,38.13
CRC,SLCO4A1,34.48
CRC,SLCO4A1,40
CRC,SLCO4A1,40
CRC,SLCO4A1,40
CRC,SLCO4A1,40
CRC,SLCO4A1,40
CRC,SLCO4A1,40
CRC,SLCO4A1,37.83
CRC,SLCO4A1,36.17
CRC,SLCO4A1,40
CRC,SLCO4A1,35.84
CRC,SLCO4A1,40
CRC,SLCO4A1,34.57
CRC,SLCO4A1,40
CRC,SLCO4A1,40
CRC,SLCO4A1,32.77
CRC,SLCO4A1,37.37
CRC,SLCO4A1,36.89
CRC,SLCO4A1,40
CRC,SLCO4A1,40
CRC,SLCO4A1,40
CRC,SLCO4A1,40
CRC,SLCO4A1,36.94
CRC,SLCO4A1,35.54
CRC,SLCO4A1,40
CRC,SLCO4A1,40
CRC,SLCO4A1,35.98
AA,SLCO4A1,34.93
AA,SLCO4A1,40
AA,SLCO4A1,40
AA,SLCO4A1,35.91
AA,SLCO4A1,40
AA,SLCO4A1,40
AA,SLCO4A1,40
AA,SLCO4A1,40
AA,SLCO4A1,37.48
AA,SLCO4A1,37.29
AA,SLCO4A1,40
AA,SLCO4A1,40
AA,SLCO4A1,40
AA,SLCO4A1,40
AA,SLCO4A1,40
AA,SLCO4A1,40
AA,SLCO4A1,40
AA,SLCO4A1,40
AA,SLCO4A1,40
AA,SLCO4A1,40
AA,SLCO4A1,40
AA,SLCO4A1,40
AA,SLCO4A1,40
AA,SLCO4A1,40
AA,SLCO4A1,40
AA,SLCO4A1,40
AA,SLCO4A1,40
AA,SLCO4A1,38.22
Col_Neg,SLCO4A1,40
Col_Neg,SLCO4A1,40
Col_Neg,SLCO4A1,40
Col_Neg,SLCO4A1,40
Col_Neg,SLCO4A1,40
Col_Neg,SLCO4A1,40
Col_Neg,SLCO4A1,40
Col_Neg,SLCO4A1,40
Col_Neg,SLCO4A1,40
Col_Neg,SLCO4A1,40
Col_Neg,SLCO4A1,40
Col_Neg,SLCO4A1,40
Col_Neg,SLCO4A1,40
Col_Neg,SLCO4A1,40
Col_Neg,SLCO4A1,40
Col_Neg,SLCO4A1,40
Col_Neg,SLCO4A1,40
Col_Neg,SLCO4A1,37.34
CON,SLCO4A1,40
CON,SLCO4A1,37.85
CON,SLCO4A1,40
CON,SLCO4A1,37.58
CON,SLCO4A1,40
CON,SLCO4A1,38.01
CON,SLCO4A1,40
CON,SLCO4A1,40
CON,SLCO4A1,40
CON,SLCO4A1,40
CON,SLCO4A1,40
CON,SLCO4A1,40
CON,SLCO4A1,40
CON,SLCO4A1,40
CON,SLCO4A1,40
CON,SLCO4A1,40
CON,SLCO4A1,40
CON,SLCO4A1,40
CON,SLCO4A1,40
CON,SLCO4A1,40
CON,SLCO4A1,40
CON,SLCO4A1,40
CON,SLCO4A1,40
CON,SLCO4A1,40
CON,SLCO4A1,40
CON,SLCO4A1,40
CON,SLCO4A1,40
CON,SLCO4A1,40
CON,SLCO4A1,40
CON,SLCO4A1,40
CON,SLCO4A1,40
CON,SLCO4A1,40
CON,SLCO4A1,40
CON,SLCO4A1,40
CON,SLCO4A1,40
CRC,MMP11,37.22
CRC,MMP11,37.42
CRC,MMP11,40
CRC,MMP11,35.02
CRC,MMP11,40
CRC,MMP11,40
CRC,MMP11,33.11
CRC,MMP11,40
CRC,MMP11,40
CRC,MMP11,40
CRC,MMP11,40
CRC,MMP11,39.79
CRC,MMP11,40
CRC,MMP11,40
CRC,MMP11,40
CRC,MMP11,40
CRC,MMP11,35.87
CRC,MMP11,40
CRC,MMP11,34.31
CRC,MMP11,40
CRC,MMP11,40
CRC,MMP11,30.63
CRC,MMP11,36.77
CRC,MMP11,40
CRC,MMP11,40
CRC,MMP11,40
CRC,MMP11,40
CRC,MMP11,40
CRC,MMP11,40
CRC,MMP11,34.9
CRC,MMP11,40
CRC,MMP11,40
CRC,MMP11,35.59
AA,MMP11,40
AA,MMP11,40
AA,MMP11,40
AA,MMP11,35.89
AA,MMP11,40
AA,MMP11,40
AA,MMP11,40
AA,MMP11,40
AA,MMP11,40
AA,MMP11,40
AA,MMP11,40
AA,MMP11,40
AA,MMP11,40
AA,MMP11,40
AA,MMP11,40
AA,MMP11,40
AA,MMP11,40
AA,MMP11,40
AA,MMP11,40
AA,MMP11,40
AA,MMP11,40
AA,MMP11,40
AA,MMP11,40
AA,MMP11,40
AA,MMP11,40
AA,MMP11,40
AA,MMP11,40
AA,MMP11,36.13
Col_Neg,MMP11,40
Col_Neg,MMP11,40
Col_Neg,MMP11,40
Col_Neg,MMP11,40
Col_Neg,MMP11,40
Col_Neg,MMP11,40
Col_Neg,MMP11,40
Col_Neg,MMP11,40
Col_Neg,MMP11,40
Col_Neg,MMP11,40
Col_Neg,MMP11,40
Col_Neg,MMP11,40
Col_Neg,MMP11,40
Col_Neg,MMP11,40
Col_Neg,MMP11,40
Col_Neg,MMP11,40
Col_Neg,MMP11,40
Col_Neg,MMP11,40
CON,MMP11,40
CON,MMP11,40
CON,MMP11,40
CON,MMP11,40
CON,MMP11,40
CON,MMP11,40
CON,MMP11,40
CON,MMP11,40
CON,MMP11,40
CON,MMP11,40
CON,MMP11,40
CON,MMP11,40
CON,MMP11,40
CON,MMP11,40
CON,MMP11,40
CON,MMP11,40
CON,MMP11,40
CON,MMP11,40
CON,MMP11,40
CON,MMP11,40
CON,MMP11,40
CON,MMP11,40
CON,MMP11,40
CON,MMP11,40
CON,MMP11,40
CON,MMP11,40
CON,MMP11,40
CON,MMP11,40
CON,MMP11,40
CON,MMP11,34.78
CON,MMP11,40
CON,MMP11,40
CON,MMP11,40
CON,MMP11,40
CON,MMP11,40
CRC,GDF15,25.5
CRC,GDF15,28.43
CRC,GDF15,40
CRC,GDF15,27.77
CRC,GDF15,28.37
CRC,GDF15,30.91
CRC,GDF15,24.95
CRC,GDF15,40
CRC,GDF15,40
CRC,GDF15,30.2
CRC,GDF15,40
CRC,GDF15,40
CRC,GDF15,40
CRC,GDF15,29.27
CRC,GDF15,28.7
CRC,GDF15,40
CRC,GDF15,27.94
CRC,GDF15,40
CRC,GDF15,24.81
CRC,GDF15,40
CRC,GDF15,40
CRC,GDF15,40
CRC,GDF15,40
CRC,GDF15,40
CRC,GDF15,40
CRC,GDF15,40
CRC,GDF15,40
CRC,GDF15,40
CRC,GDF15,40
CRC,GDF15,27.63
CRC,GDF15,40
CRC,GDF15,28.6
CRC,GDF15,27.12
AA,GDF15,29.02
AA,GDF15,40
AA,GDF15,40
AA,GDF15,27.09
AA,GDF15,40
AA,GDF15,40
AA,GDF15,40
AA,GDF15,40
AA,GDF15,40
AA,GDF15,40
AA,GDF15,40
AA,GDF15,40
AA,GDF15,40
AA,GDF15,40
AA,GDF15,40
AA,GDF15,30.29
AA,GDF15,40
AA,GDF15,40
AA,GDF15,40
AA,GDF15,40
AA,GDF15,40
AA,GDF15,40
AA,GDF15,40
AA,GDF15,40
AA,GDF15,40
AA,GDF15,40
AA,GDF15,40
AA,GDF15,40
Col_Neg,GDF15,40
Col_Neg,GDF15,40
Col_Neg,GDF15,40
Col_Neg,GDF15,40
Col_Neg,GDF15,40
Col_Neg,GDF15,40
Col_Neg,GDF15,40
Col_Neg,GDF15,40
Col_Neg,GDF15,40
Col_Neg,GDF15,40
Col_Neg,GDF15,40
Col_Neg,GDF15,40
Col_Neg,GDF15,40
Col_Neg,GDF15,40
Col_Neg,GDF15,40
Col_Neg,GDF15,40
Col_Neg,GDF15,40
Col_Neg,GDF15,40
CON,GDF15,40
CON,GDF15,40
CON,GDF15,40
CON,GDF15,40
CON,GDF15,40
CON,GDF15,40
CON,GDF15,40
CON,GDF15,40
CON,GDF15,40
CON,GDF15,40
CON,GDF15,40
CON,GDF15,40
CON,GDF15,40
CON,GDF15,40
CON,GDF15,26.86
CON,GDF15,40
CON,GDF15,40
CON,GDF15,40
CON,GDF15,40
CON,GDF15,40
CON,GDF15,40
CON,GDF15,40
CON,GDF15,40
CON,GDF15,40
CON,GDF15,40
CON,GDF15,40
CON,GDF15,40
CON,GDF15,26.97
CON,GDF15,40
CON,GDF15,40
CON,GDF15,40
CON,GDF15,40
CON,GDF15,40
CON,GDF15,40
CON,GDF15,40
CRC,ETV4,31.32
CRC,ETV4,33.23
CRC,ETV4,40
CRC,ETV4,30.89
CRC,ETV4,32.96
CRC,ETV4,40
CRC,ETV4,28.83
CRC,ETV4,37.06
CRC,ETV4,37.11
CRC,ETV4,35.22
CRC,ETV4,32.41
CRC,ETV4,36.07
CRC,ETV4,36.49
CRC,ETV4,35.59
CRC,ETV4,33.17
CRC,ETV4,40
CRC,ETV4,32.59
CRC,ETV4,34.02
CRC,ETV4,29.27
CRC,ETV4,37.05
CRC,ETV4,40
CRC,ETV4,27.03
CRC,ETV4,32.89
CRC,ETV4,30.97
CRC,ETV4,35.72
CRC,ETV4,36.01
CRC,ETV4,36.05
CRC,ETV4,40
CRC,ETV4,36.85
CRC,ETV4,31.55
CRC,ETV4,40
CRC,ETV4,33.68
CRC,ETV4,30.2
AA,ETV4,40
AA,ETV4,40
AA,ETV4,37.07
AA,ETV4,32.15
AA,ETV4,36.24
AA,ETV4,40
AA,ETV4,36.69
AA,ETV4,40
AA,ETV4,36.55
AA,ETV4,40
AA,ETV4,37.21
AA,ETV4,37.49
AA,ETV4,34.81
AA,ETV4,36.77
AA,ETV4,40
AA,ETV4,36.58
AA,ETV4,40
AA,ETV4,40
AA,ETV4,40
AA,ETV4,36.65
AA,ETV4,40
AA,ETV4,40
AA,ETV4,40
AA,ETV4,40
AA,ETV4,38.22
AA,ETV4,38.02
AA,ETV4,37.37
AA,ETV4,34.63
Col_Neg,ETV4,40
Col_Neg,ETV4,37.56
Col_Neg,ETV4,40
Col_Neg,ETV4,40
Col_Neg,ETV4,40
Col_Neg,ETV4,40
Col_Neg,ETV4,40
Col_Neg,ETV4,40
Col_Neg,ETV4,38.46
Col_Neg,ETV4,36.72
Col_Neg,ETV4,40
Col_Neg,ETV4,37.18
Col_Neg,ETV4,40
Col_Neg,ETV4,40
Col_Neg,ETV4,40
Col_Neg,ETV4,40
Col_Neg,ETV4,40
Col_Neg,ETV4,36.13
CON,ETV4,40
CON,ETV4,36.21
CON,ETV4,40
CON,ETV4,36.82
CON,ETV4,40
CON,ETV4,40
CON,ETV4,40
CON,ETV4,37.28
CON,ETV4,40
CON,ETV4,40
CON,ETV4,38.02
CON,ETV4,40
CON,ETV4,40
CON,ETV4,40
CON,ETV4,38.46
CON,ETV4,40
CON,ETV4,40
CON,ETV4,40
CON,ETV4,40
CON,ETV4,38.71
CON,ETV4,40
CON,ETV4,37.4
CON,ETV4,36.17
CON,ETV4,40
CON,ETV4,40
CON,ETV4,40
CON,ETV4,40
CON,ETV4,36.09
CON,ETV4,40
CON,ETV4,33.37
CON,ETV4,40
CON,ETV4,37.55
CON,ETV4,40
CON,ETV4,37.48
CON,ETV4,40
CRC,NME2,28.55
CRC,NME2,31.72
CRC,NME2,33.32
CRC,NME2,30.05
CRC,NME2,29.2
CRC,NME2,33.36
CRC,NME2,27.11
CRC,NME2,33.95
CRC,NME2,31.69
CRC,NME2,30.8
CRC,NME2,30.76
CRC,NME2,30.36
CRC,NME2,34
CRC,NME2,31.79
CRC,NME2,30.87
CRC,NME2,35.2
CRC,NME2,28.85
CRC,NME2,32.18
CRC,NME2,26.86
CRC,NME2,32.8
CRC,NME2,31.48
CRC,NME2,22.56
CRC,NME2,27.36
CRC,NME2,26.63
CRC,NME2,30.2
CRC,NME2,30.1
CRC,NME2,34.36
CRC,NME2,32.33
CRC,NME2,28.32
CRC,NME2,26.15
CRC,NME2,33.14
CRC,NME2,28.54
CRC,NME2,26.37
AA,NME2,29.7
AA,NME2,34.35
AA,NME2,32.88
AA,NME2,29.17
AA,NME2,33.44
AA,NME2,32.35
AA,NME2,31.14
AA,NME2,34.93
AA,NME2,32.38
AA,NME2,32.03
AA,NME2,32.88
AA,NME2,33.75
AA,NME2,32.86
AA,NME2,32.93
AA,NME2,33.82
AA,NME2,33.09
AA,NME2,35.34
AA,NME2,35.46
AA,NME2,33.01
AA,NME2,32.83
AA,NME2,31.01
AA,NME2,37.52
AA,NME2,34.56
AA,NME2,34.55
AA,NME2,32.01
AA,NME2,31.2
AA,NME2,30.14
AA,NME2,28.63
Col_Neg,NME2,32.41
Col_Neg,NME2,31.83
Col_Neg,NME2,29.41
Col_Neg,NME2,34.38
Col_Neg,NME2,32.29
Col_Neg,NME2,33.08
Col_Neg,NME2,31.2
Col_Neg,NME2,31.7
Col_Neg,NME2,31.59
Col_Neg,NME2,32.66
Col_Neg,NME2,33.16
Col_Neg,NME2,33.08
Col_Neg,NME2,31.96
Col_Neg,NME2,32.53
Col_Neg,NME2,32.34
Col_Neg,NME2,33.97
Col_Neg,NME2,32.18
Col_Neg,NME2,31.72
CON,NME2,32.59
CON,NME2,30.56
CON,NME2,29.59
CON,NME2,29.4
CON,NME2,30.21
CON,NME2,28.88
CON,NME2,32.33
CON,NME2,33.62
CON,NME2,34.53
CON,NME2,30.85
CON,NME2,29.7
CON,NME2,31.76
CON,NME2,32.66
CON,NME2,34.12
CON,NME2,29.76
CON,NME2,32.45
CON,NME2,31.58
CON,NME2,32.28
CON,NME2,32.95
CON,NME2,32.54
CON,NME2,33.43
CON,NME2,32.06
CON,NME2,30.63
CON,NME2,34.7
CON,NME2,31.49
CON,NME2,34.49
CON,NME2,32.13
CON,NME2,28.9
CON,NME2,34.34
CON,NME2,28.53
CON,NME2,32.17
CON,NME2,33.24
CON,NME2,30.31
CON,NME2,33.3
CON,NME2,32.85
CRC,COL11A1,40
CRC,COL11A1,40
CRC,COL11A1,40
CRC,COL11A1,40
CRC,COL11A1,40
CRC,COL11A1,40
CRC,COL11A1,40
CRC,COL11A1,40
CRC,COL11A1,40
CRC,COL11A1,40
CRC,COL11A1,40
CRC,COL11A1,40
CRC,COL11A1,40
CRC,COL11A1,40
CRC,COL11A1,40
CRC,COL11A1,40
CRC,COL11A1,40
CRC,COL11A1,40
CRC,COL11A1,40
CRC,COL11A1,40
CRC,COL11A1,40
CRC,COL11A1,37.01
CRC,COL11A1,40
CRC,COL11A1,38.96
CRC,COL11A1,40
CRC,COL11A1,40
CRC,COL11A1,40
CRC,COL11A1,40
CRC,COL11A1,40
CRC,COL11A1,40
CRC,COL11A1,40
CRC,COL11A1,40
CRC,COL11A1,40
AA,COL11A1,40
AA,COL11A1,40
AA,COL11A1,40
AA,COL11A1,40
AA,COL11A1,40
AA,COL11A1,40
AA,COL11A1,40
AA,COL11A1,40
AA,COL11A1,40
AA,COL11A1,40
AA,COL11A1,40
AA,COL11A1,40
AA,COL11A1,40
AA,COL11A1,40
AA,COL11A1,40
AA,COL11A1,40
AA,COL11A1,40
AA,COL11A1,40
AA,COL11A1,40
AA,COL11A1,40
AA,COL11A1,40
AA,COL11A1,40
AA,COL11A1,40
AA,COL11A1,40
AA,COL11A1,40
AA,COL11A1,40
AA,COL11A1,40
AA,COL11A1,40
Col_Neg,COL11A1,40
Col_Neg,COL11A1,40
Col_Neg,COL11A1,40
Col_Neg,COL11A1,40
Col_Neg,COL11A1,40
Col_Neg,COL11A1,40
Col_Neg,COL11A1,40
Col_Neg,COL11A1,40
Col_Neg,COL11A1,40
Col_Neg,COL11A1,40
Col_Neg,COL11A1,40
Col_Neg,COL11A1,40
Col_Neg,COL11A1,40
Col_Neg,COL11A1,40
Col_Neg,COL11A1,40
Col_Neg,COL11A1,40
Col_Neg,COL11A1,40
Col_Neg,COL11A1,40
CON,COL11A1,40
CON,COL11A1,40
CON,COL11A1,40
CON,COL11A1,40
CON,COL11A1,40
CON,COL11A1,40
CON,COL11A1,40
CON,COL11A1,40
CON,COL11A1,40
CON,COL11A1,40
CON,COL11A1,40
CON,COL11A1,40
CON,COL11A1,40
CON,COL11A1,40
CON,COL11A1,40
CON,COL11A1,40
CON,COL11A1,40
CON,COL11A1,40
CON,COL11A1,40
CON,COL11A1,40
CON,COL11A1,40
CON,COL11A1,40
CON,COL11A1,40
CON,COL11A1,40
CON,COL11A1,40
CON,COL11A1,40
CON,COL11A1,40
CON,COL11A1,40
CON,COL11A1,40
CON,COL11A1,40
CON,COL11A1,40
CON,COL11A1,40
CON,COL11A1,40
CON,COL11A1,40
CON,COL11A1,40
CRC,TRIB3,28.89
CRC,TRIB3,31.33
CRC,TRIB3,40
CRC,TRIB3,30.02
CRC,TRIB3,29.62
CRC,TRIB3,40
CRC,TRIB3,27.14
CRC,TRIB3,40
CRC,TRIB3,31.76
CRC,TRIB3,40
CRC,TRIB3,32.3
CRC,TRIB3,32.23
CRC,TRIB3,40
CRC,TRIB3,30.98
CRC,TRIB3,30.85
CRC,TRIB3,40
CRC,TRIB3,29.49
CRC,TRIB3,32
CRC,TRIB3,27.53
CRC,TRIB3,33.53
CRC,TRIB3,35.24
CRC,TRIB3,27.55
CRC,TRIB3,30.3
CRC,TRIB3,29.65
CRC,TRIB3,37.37
CRC,TRIB3,36.33
CRC,TRIB3,38.15
CRC,TRIB3,38.09
CRC,TRIB3,32.84
CRC,TRIB3,29.35
CRC,TRIB3,40
CRC,TRIB3,32.43
CRC,TRIB3,30.87
AA,TRIB3,32.67
AA,TRIB3,40
AA,TRIB3,31.82
AA,TRIB3,29.96
AA,TRIB3,34.38
AA,TRIB3,32.01
AA,TRIB3,33.31
AA,TRIB3,40
AA,TRIB3,34.06
AA,TRIB3,32.97
AA,TRIB3,40
AA,TRIB3,40
AA,TRIB3,40
AA,TRIB3,40
AA,TRIB3,33.81
AA,TRIB3,32.76
AA,TRIB3,34.5
AA,TRIB3,40
AA,TRIB3,34.66
AA,TRIB3,32.9
AA,TRIB3,37.38
AA,TRIB3,40
AA,TRIB3,40
AA,TRIB3,38.02
AA,TRIB3,33.33
AA,TRIB3,34.17
AA,TRIB3,36.15
AA,TRIB3,31.87
Col_Neg,TRIB3,36.22
Col_Neg,TRIB3,36.51
Col_Neg,TRIB3,33.45
Col_Neg,TRIB3,40
Col_Neg,TRIB3,35.56
Col_Neg,TRIB3,40
Col_Neg,TRIB3,40
Col_Neg,TRIB3,40
Col_Neg,TRIB3,36.63
Col_Neg,TRIB3,35.99
Col_Neg,TRIB3,36.66
Col_Neg,TRIB3,36.93
Col_Neg,TRIB3,37.2
Col_Neg,TRIB3,40
Col_Neg,TRIB3,35.21
Col_Neg,TRIB3,36.9
Col_Neg,TRIB3,36.23
Col_Neg,TRIB3,35.39
CON,TRIB3,37.11
CON,TRIB3,33.79
CON,TRIB3,31.88
CON,TRIB3,32.92
CON,TRIB3,33.92
CON,TRIB3,33.37
CON,TRIB3,36.11
CON,TRIB3,37
CON,TRIB3,38.08
CON,TRIB3,34.31
CON,TRIB3,35.99
CON,TRIB3,35.62
CON,TRIB3,36.89
CON,TRIB3,40
CON,TRIB3,28.77
CON,TRIB3,40
CON,TRIB3,32.2
CON,TRIB3,34.22
CON,TRIB3,36.74
CON,TRIB3,40
CON,TRIB3,37.94
CON,TRIB3,37.89
CON,TRIB3,33.7
CON,TRIB3,40
CON,TRIB3,36.61
CON,TRIB3,37.68
CON,TRIB3,35.8
CON,TRIB3,32.25
CON,TRIB3,40
CON,TRIB3,31.89
CON,TRIB3,35.43
CON,TRIB3,37.35
CON,TRIB3,35.68
CON,TRIB3,37.76
CON,TRIB3,36.78
CRC,SIM2,33.86
CRC,SIM2,36.79
CRC,SIM2,38.01
CRC,SIM2,40
CRC,SIM2,31.54
CRC,SIM2,38.12
CRC,SIM2,31.14
CRC,SIM2,40
CRC,SIM2,37.68
CRC,SIM2,37.61
CRC,SIM2,36.93
CRC,SIM2,40
CRC,SIM2,40
CRC,SIM2,35.06
CRC,SIM2,35.9
CRC,SIM2,40
CRC,SIM2,34.65
CRC,SIM2,40
CRC,SIM2,37.63
CRC,SIM2,40
CRC,SIM2,36.92
CRC,SIM2,32.24
CRC,SIM2,34.83
CRC,SIM2,33.81
CRC,SIM2,40
CRC,SIM2,40
CRC,SIM2,40
CRC,SIM2,40
CRC,SIM2,36.61
CRC,SIM2,34.62
CRC,SIM2,40
CRC,SIM2,40
CRC,SIM2,40
AA,SIM2,40
AA,SIM2,40
AA,SIM2,40
AA,SIM2,33.23
AA,SIM2,40
AA,SIM2,40
AA,SIM2,36.76
AA,SIM2,40
AA,SIM2,40
AA,SIM2,40
AA,SIM2,40
AA,SIM2,40
AA,SIM2,40
AA,SIM2,40
AA,SIM2,37.85
AA,SIM2,40
AA,SIM2,40
AA,SIM2,40
AA,SIM2,37.87
AA,SIM2,37.9
AA,SIM2,37.78
AA,SIM2,40
AA,SIM2,40
AA,SIM2,40
AA,SIM2,40
AA,SIM2,40
AA,SIM2,40
AA,SIM2,36.85
Col_Neg,SIM2,40
Col_Neg,SIM2,40
Col_Neg,SIM2,40
Col_Neg,SIM2,40
Col_Neg,SIM2,40
Col_Neg,SIM2,40
Col_Neg,SIM2,36.91
Col_Neg,SIM2,40
Col_Neg,SIM2,36.97
Col_Neg,SIM2,36.48
Col_Neg,SIM2,40
Col_Neg,SIM2,40
Col_Neg,SIM2,40
Col_Neg,SIM2,40
Col_Neg,SIM2,40
Col_Neg,SIM2,40
Col_Neg,SIM2,40
Col_Neg,SIM2,36.49
CON,SIM2,40
CON,SIM2,40
CON,SIM2,40
CON,SIM2,40
CON,SIM2,40
CON,SIM2,40
CON,SIM2,40
CON,SIM2,37.16
CON,SIM2,40
CON,SIM2,40
CON,SIM2,37.14
CON,SIM2,40
CON,SIM2,40
CON,SIM2,40
CON,SIM2,40
CON,SIM2,40
CON,SIM2,40
CON,SIM2,40
CON,SIM2,40
CON,SIM2,40
CON,SIM2,40
CON,SIM2,40
CON,SIM2,38.09
CON,SIM2,40
CON,SIM2,40
CON,SIM2,40
CON,SIM2,40
CON,SIM2,40
CON,SIM2,40
CON,SIM2,34.28
CON,SIM2,38.06
CON,SIM2,38.18
CON,SIM2,40
CON,SIM2,37.69
CON,SIM2,40
CRC,MMP3,28.65
CRC,MMP3,40
CRC,MMP3,40
CRC,MMP3,31.61
CRC,MMP3,40
CRC,MMP3,40
CRC,MMP3,28.35
CRC,MMP3,40
CRC,MMP3,40
CRC,MMP3,40
CRC,MMP3,33.99
CRC,MMP3,40
CRC,MMP3,34.93
CRC,MMP3,40
CRC,MMP3,33.39
CRC,MMP3,40
CRC,MMP3,33.8
CRC,MMP3,40
CRC,MMP3,26.63
CRC,MMP3,40
CRC,MMP3,40
CRC,MMP3,26.56
CRC,MMP3,30.9
CRC,MMP3,29.65
CRC,MMP3,40
CRC,MMP3,40
CRC,MMP3,40
CRC,MMP3,40
CRC,MMP3,40
CRC,MMP3,31.52
CRC,MMP3,40
CRC,MMP3,33.71
CRC,MMP3,29.59
AA,MMP3,40
AA,MMP3,40
AA,MMP3,40
AA,MMP3,40
AA,MMP3,40
AA,MMP3,40
AA,MMP3,40
AA,MMP3,40
AA,MMP3,40
AA,MMP3,40
AA,MMP3,40
AA,MMP3,40
AA,MMP3,40
AA,MMP3,40
AA,MMP3,40
AA,MMP3,40
AA,MMP3,40
AA,MMP3,40
AA,MMP3,40
AA,MMP3,40
AA,MMP3,40
AA,MMP3,40
AA,MMP3,40
AA,MMP3,40
AA,MMP3,40
AA,MMP3,40
AA,MMP3,40
AA,MMP3,40
Col_Neg,MMP3,40
Col_Neg,MMP3,40
Col_Neg,MMP3,40
Col_Neg,MMP3,40
Col_Neg,MMP3,40
Col_Neg,MMP3,40
Col_Neg,MMP3,40
Col_Neg,MMP3,40
Col_Neg,MMP3,40
Col_Neg,MMP3,40
Col_Neg,MMP3,40
Col_Neg,MMP3,40
Col_Neg,MMP3,40
Col_Neg,MMP3,40
Col_Neg,MMP3,40
Col_Neg,MMP3,40
Col_Neg,MMP3,40
Col_Neg,MMP3,40
CON,MMP3,40
CON,MMP3,40
CON,MMP3,39.22
CON,MMP3,40
CON,MMP3,40
CON,MMP3,40
CON,MMP3,40
CON,MMP3,40
CON,MMP3,40
CON,MMP3,40
CON,MMP3,40
CON,MMP3,40
CON,MMP3,40
CON,MMP3,40
CON,MMP3,40
CON,MMP3,40
CON,MMP3,40
CON,MMP3,40
CON,MMP3,40
CON,MMP3,40
CON,MMP3,40
CON,MMP3,40
CON,MMP3,40
CON,MMP3,40
CON,MMP3,40
CON,MMP3,40
CON,MMP3,40
CON,MMP3,40
CON,MMP3,40
CON,MMP3,40
CON,MMP3,40
CON,MMP3,40
CON,MMP3,40
CON,MMP3,40
CON,MMP3,40
CRC,MMP1,27.8
CRC,MMP1,31.12
CRC,MMP1,40
CRC,MMP1,31
CRC,MMP1,32.91
CRC,MMP1,37.48
CRC,MMP1,27.65
CRC,MMP1,37.31
CRC,MMP1,34.2
CRC,MMP1,33.08
CRC,MMP1,33.19
CRC,MMP1,31.69
CRC,MMP1,34.33
CRC,MMP1,32.25
CRC,MMP1,32.16
CRC,MMP1,36.03
CRC,MMP1,31.19
CRC,MMP1,32.52
CRC,MMP1,26.67
CRC,MMP1,35.21
CRC,MMP1,34.46
CRC,MMP1,25.45
CRC,MMP1,29.76
CRC,MMP1,28.59
CRC,MMP1,37.59
CRC,MMP1,36.94
CRC,MMP1,40
CRC,MMP1,37.66
CRC,MMP1,32.86
CRC,MMP1,29.5
CRC,MMP1,40
CRC,MMP1,29.91
CRC,MMP1,28.83
AA,MMP1,37.74
AA,MMP1,40
AA,MMP1,34.87
AA,MMP1,32.06
AA,MMP1,32.58
AA,MMP1,37.26
AA,MMP1,34.74
AA,MMP1,36.8
AA,MMP1,36.3
AA,MMP1,40
AA,MMP1,34.36
AA,MMP1,40
AA,MMP1,32.94
AA,MMP1,34.14
AA,MMP1,36.59
AA,MMP1,35.24
AA,MMP1,40
AA,MMP1,39.1
AA,MMP1,35.92
AA,MMP1,36.73
AA,MMP1,40
AA,MMP1,40
AA,MMP1,39.23
AA,MMP1,40
AA,MMP1,34.78
AA,MMP1,33.22
AA,MMP1,31.81
AA,MMP1,31.87
Col_Neg,MMP1,40
Col_Neg,MMP1,40
Col_Neg,MMP1,38.12
Col_Neg,MMP1,40
Col_Neg,MMP1,40
Col_Neg,MMP1,37.24
Col_Neg,MMP1,32.8
Col_Neg,MMP1,37.11
Col_Neg,MMP1,37.11
Col_Neg,MMP1,37.13
Col_Neg,MMP1,37.68
Col_Neg,MMP1,36.93
Col_Neg,MMP1,40
Col_Neg,MMP1,37.35
Col_Neg,MMP1,35.33
Col_Neg,MMP1,39.11
Col_Neg,MMP1,36.15
Col_Neg,MMP1,35.86
CON,MMP1,35.21
CON,MMP1,33.88
CON,MMP1,34.92
CON,MMP1,34.94
CON,MMP1,34.23
CON,MMP1,36.74
CON,MMP1,38.24
CON,MMP1,37.25
CON,MMP1,40
CON,MMP1,40
CON,MMP1,35.96
CON,MMP1,40
CON,MMP1,38.13
CON,MMP1,40
CON,MMP1,34.54
CON,MMP1,35.31
CON,MMP1,40
CON,MMP1,33.95
CON,MMP1,37.76
CON,MMP1,39.01
CON,MMP1,40
CON,MMP1,37.77
CON,MMP1,33.46
CON,MMP1,39.15
CON,MMP1,40
CON,MMP1,40
CON,MMP1,34.87
CON,MMP1,34.46
CON,MMP1,40
CON,MMP1,34.06
CON,MMP1,36.28
CON,MMP1,34.76
CON,MMP1,40
CON,MMP1,36.13
CON,MMP1,36.46
CRC,CXCL8,18.5
CRC,CXCL8,23.54
CRC,CXCL8,33.67
CRC,CXCL8,22.94
CRC,CXCL8,20.55
CRC,CXCL8,29.61
CRC,CXCL8,20.34
CRC,CXCL8,27.65
CRC,CXCL8,28.73
CRC,CXCL8,25.04
CRC,CXCL8,25.24
CRC,CXCL8,25.26
CRC,CXCL8,25.97
CRC,CXCL8,22.89
CRC,CXCL8,25.44
CRC,CXCL8,28.24
CRC,CXCL8,24
CRC,CXCL8,23.99
CRC,CXCL8,21.43
CRC,CXCL8,30.28
CRC,CXCL8,28.16
CRC,CXCL8,15.56
CRC,CXCL8,21.38
CRC,CXCL8,19.72
CRC,CXCL8,28.75
CRC,CXCL8,27.44
CRC,CXCL8,31.2
CRC,CXCL8,29.96
CRC,CXCL8,24.83
CRC,CXCL8,18.82
CRC,CXCL8,30.66
CRC,CXCL8,21.06
CRC,CXCL8,22.55
AA,CXCL8,23.52
AA,CXCL8,29.12
AA,CXCL8,30.27
AA,CXCL8,26.81
AA,CXCL8,23.42
AA,CXCL8,32.38
AA,CXCL8,28.89
AA,CXCL8,33.64
AA,CXCL8,31.18
AA,CXCL8,28.87
AA,CXCL8,31.65
AA,CXCL8,34.31
AA,CXCL8,25.48
AA,CXCL8,25.61
AA,CXCL8,32.02
AA,CXCL8,29.96
AA,CXCL8,35.41
AA,CXCL8,33.62
AA,CXCL8,32.37
AA,CXCL8,31.58
AA,CXCL8,32.92
AA,CXCL8,34.42
AA,CXCL8,35.24
AA,CXCL8,33.83
AA,CXCL8,26.9
AA,CXCL8,29.6
AA,CXCL8,28.14
AA,CXCL8,24.64
Col_Neg,CXCL8,31.91
Col_Neg,CXCL8,32.08
Col_Neg,CXCL8,30.25
Col_Neg,CXCL8,33.21
Col_Neg,CXCL8,33.1
Col_Neg,CXCL8,32.83
Col_Neg,CXCL8,30.76
Col_Neg,CXCL8,28.57
Col_Neg,CXCL8,34.08
Col_Neg,CXCL8,34.14
Col_Neg,CXCL8,32.86
Col_Neg,CXCL8,32.1
Col_Neg,CXCL8,30.88
Col_Neg,CXCL8,31.35
Col_Neg,CXCL8,30.82
Col_Neg,CXCL8,28.55
Col_Neg,CXCL8,28.8
Col_Neg,CXCL8,29.1
CON,CXCL8,26.41
CON,CXCL8,28.2
CON,CXCL8,27.92
CON,CXCL8,26.84
CON,CXCL8,30.84
CON,CXCL8,24.78
CON,CXCL8,31.63
CON,CXCL8,32.07
CON,CXCL8,36.88
CON,CXCL8,35.25
CON,CXCL8,30.3
CON,CXCL8,33.34
CON,CXCL8,31.63
CON,CXCL8,32.1
CON,CXCL8,26.6
CON,CXCL8,32.4
CON,CXCL8,31.53
CON,CXCL8,27.67
CON,CXCL8,32.85
CON,CXCL8,35.48
CON,CXCL8,35.73
CON,CXCL8,30.6
CON,CXCL8,24.6
CON,CXCL8,32.6
CON,CXCL8,34.16
CON,CXCL8,31.47
CON,CXCL8,32.63
CON,CXCL8,26.61
CON,CXCL8,34.27
CON,CXCL8,22.01
CON,CXCL8,31.48
CON,CXCL8,36.71
CON,CXCL8,33.22
CON,CXCL8,28.7
CON,CXCL8,32.47
CRC,REG1A,31.4
CRC,REG1A,34.88
CRC,REG1A,35.37
CRC,REG1A,30.28
CRC,REG1A,31.58
CRC,REG1A,35.51
CRC,REG1A,33.15
CRC,REG1A,33.6
CRC,REG1A,32.28
CRC,REG1A,35.46
CRC,REG1A,31.26
CRC,REG1A,31.6
CRC,REG1A,32.3
CRC,REG1A,30.94
CRC,REG1A,34.46
CRC,REG1A,30.69
CRC,REG1A,31.14
CRC,REG1A,30.71
CRC,REG1A,27.53
CRC,REG1A,33.98
CRC,REG1A,32.96
CRC,REG1A,27.33
CRC,REG1A,30.82
CRC,REG1A,31.42
CRC,REG1A,40
CRC,REG1A,34.24
CRC,REG1A,36
CRC,REG1A,35.36
CRC,REG1A,35.25
CRC,REG1A,30.86
CRC,REG1A,40
CRC,REG1A,32.29
CRC,REG1A,32.2
AA,REG1A,34.1
AA,REG1A,39.06
AA,REG1A,33.87
AA,REG1A,34.15
AA,REG1A,33.41
AA,REG1A,36.89
AA,REG1A,35.63
AA,REG1A,36.79
AA,REG1A,36.02
AA,REG1A,38.24
AA,REG1A,33.89
AA,REG1A,40
AA,REG1A,33.69
AA,REG1A,33.35
AA,REG1A,36.12
AA,REG1A,35.5
AA,REG1A,40
AA,REG1A,35.49
AA,REG1A,37.55
AA,REG1A,34.3
AA,REG1A,34.28
AA,REG1A,40
AA,REG1A,34.51
AA,REG1A,34.87
AA,REG1A,40
AA,REG1A,32.88
AA,REG1A,29.75
AA,REG1A,33.23
Col_Neg,REG1A,37.49
Col_Neg,REG1A,33.83
Col_Neg,REG1A,34.03
Col_Neg,REG1A,36.3
Col_Neg,REG1A,35.85
Col_Neg,REG1A,36.63
Col_Neg,REG1A,29.65
Col_Neg,REG1A,35.8
Col_Neg,REG1A,33.71
Col_Neg,REG1A,34.52
Col_Neg,REG1A,34.52
Col_Neg,REG1A,36.61
Col_Neg,REG1A,35.34
Col_Neg,REG1A,37.91
Col_Neg,REG1A,30.89
Col_Neg,REG1A,35.97
Col_Neg,REG1A,32.07
Col_Neg,REG1A,35.2
CON,REG1A,40
CON,REG1A,32.07
CON,REG1A,29.87
CON,REG1A,34.43
CON,REG1A,33.17
CON,REG1A,33.94
CON,REG1A,34.03
CON,REG1A,35.4
CON,REG1A,40
CON,REG1A,35.65
CON,REG1A,33.23
CON,REG1A,36.66
CON,REG1A,34.31
CON,REG1A,33.54
CON,REG1A,35.73
CON,REG1A,32.96
CON,REG1A,33.75
CON,REG1A,33.6
CON,REG1A,34.87
CON,REG1A,36.13
CON,REG1A,37.64
CON,REG1A,34.73
CON,REG1A,32.28
CON,REG1A,37.56
CON,REG1A,40
CON,REG1A,37.5
CON,REG1A,32.35
CON,REG1A,34.06
CON,REG1A,40
CON,REG1A,33.76
CON,REG1A,34.52
CON,REG1A,35.2
CON,REG1A,34.24
CON,REG1A,34.2
CON,REG1A,33.48
CRC,KRT80,35.22
CRC,KRT80,37.02
CRC,KRT80,33.84
CRC,KRT80,33.54
CRC,KRT80,31.36
CRC,KRT80,35.97
CRC,KRT80,32.98
CRC,KRT80,40
CRC,KRT80,34.03
CRC,KRT80,38.13
CRC,KRT80,35.95
CRC,KRT80,36.94
CRC,KRT80,35.93
CRC,KRT80,32.77
CRC,KRT80,33.71
CRC,KRT80,35.55
CRC,KRT80,32.72
CRC,KRT80,33.71
CRC,KRT80,29.46
CRC,KRT80,34.93
CRC,KRT80,33.06
CRC,KRT80,29.62
CRC,KRT80,29.71
CRC,KRT80,30.67
CRC,KRT80,37.96
CRC,KRT80,34.62
CRC,KRT80,38.39
CRC,KRT80,33.61
CRC,KRT80,34.94
CRC,KRT80,31.6
CRC,KRT80,38.59
CRC,KRT80,35.3
CRC,KRT80,32.71
AA,KRT80,31.29
AA,KRT80,36.62
AA,KRT80,33.04
AA,KRT80,31.12
AA,KRT80,33.45
AA,KRT80,36.48
AA,KRT80,34.29
AA,KRT80,35.46
AA,KRT80,35.72
AA,KRT80,35.21
AA,KRT80,33.97
AA,KRT80,40
AA,KRT80,36.52
AA,KRT80,36.92
AA,KRT80,34.47
AA,KRT80,35.19
AA,KRT80,37.87
AA,KRT80,36.2
AA,KRT80,35.92
AA,KRT80,36.1
AA,KRT80,33.1
AA,KRT80,36.15
AA,KRT80,34.32
AA,KRT80,36.51
AA,KRT80,33.44
AA,KRT80,34.35
AA,KRT80,34.92
AA,KRT80,33.04
Col_Neg,KRT80,38.23
Col_Neg,KRT80,36.16
Col_Neg,KRT80,33.28
Col_Neg,KRT80,35.31
Col_Neg,KRT80,33.55
Col_Neg,KRT80,36.03
Col_Neg,KRT80,32.88
Col_Neg,KRT80,35.02
Col_Neg,KRT80,33.11
Col_Neg,KRT80,32.3
Col_Neg,KRT80,34.74
Col_Neg,KRT80,36.99
Col_Neg,KRT80,35.97
Col_Neg,KRT80,36.58
Col_Neg,KRT80,35.11
Col_Neg,KRT80,33.9
Col_Neg,KRT80,32.69
Col_Neg,KRT80,32.33
CON,KRT80,40
CON,KRT80,33.91
CON,KRT80,40
CON,KRT80,34.98
CON,KRT80,31.4
CON,KRT80,33.08
CON,KRT80,35.19
CON,KRT80,33.71
CON,KRT80,34.54
CON,KRT80,33.33
CON,KRT80,33.05
CON,KRT80,35.31
CON,KRT80,34.7
CON,KRT80,35.36
CON,KRT80,32.64
CON,KRT80,38.5
CON,KRT80,40
CON,KRT80,35.23
CON,KRT80,37.18
CON,KRT80,36.07
CON,KRT80,37.23
CON,KRT80,34.37
CON,KRT80,32.54
CON,KRT80,40
CON,KRT80,39.19
CON,KRT80,37.59
CON,KRT80,34.67
CON,KRT80,33.39
CON,KRT80,39.11
CON,KRT80,34.5
CON,KRT80,32.61
CON,KRT80,34.33
CON,KRT80,35.9
CON,KRT80,32.63
CON,KRT80,36.36
CRC,CEL,27.44
CRC,CEL,33.56
CRC,CEL,33.58
CRC,CEL,31.89
CRC,CEL,34.1
CRC,CEL,35.97
CRC,CEL,31.12
CRC,CEL,37.81
CRC,CEL,32.95
CRC,CEL,36.65
CRC,CEL,35.08
CRC,CEL,38.25
CRC,CEL,36.6
CRC,CEL,33.9
CRC,CEL,37.43
CRC,CEL,40
CRC,CEL,36.09
CRC,CEL,40
CRC,CEL,32.33
CRC,CEL,40
CRC,CEL,36.03
CRC,CEL,30.62
CRC,CEL,35.88
CRC,CEL,34.03
CRC,CEL,40
CRC,CEL,40
CRC,CEL,40
CRC,CEL,40
CRC,CEL,40
CRC,CEL,30.67
CRC,CEL,40
CRC,CEL,35.51
CRC,CEL,34.98
AA,CEL,38.5
AA,CEL,40
AA,CEL,36.5
AA,CEL,32.85
AA,CEL,35.27
AA,CEL,37.43
AA,CEL,33.92
AA,CEL,36.82
AA,CEL,34.05
AA,CEL,38.51
AA,CEL,37.27
AA,CEL,40
AA,CEL,40
AA,CEL,40
AA,CEL,36.84
AA,CEL,37.55
AA,CEL,38.78
AA,CEL,38.79
AA,CEL,34.97
AA,CEL,40
AA,CEL,37.89
AA,CEL,40
AA,CEL,40
AA,CEL,40
AA,CEL,38.26
AA,CEL,35.84
AA,CEL,40
AA,CEL,32.34
Col_Neg,CEL,40
Col_Neg,CEL,37.17
Col_Neg,CEL,36.78
Col_Neg,CEL,40
Col_Neg,CEL,33.12
Col_Neg,CEL,38.31
Col_Neg,CEL,31.17
Col_Neg,CEL,40
Col_Neg,CEL,38.49
Col_Neg,CEL,38.29
Col_Neg,CEL,40
Col_Neg,CEL,40
Col_Neg,CEL,36.97
Col_Neg,CEL,40
Col_Neg,CEL,36.85
Col_Neg,CEL,40
Col_Neg,CEL,38.11
Col_Neg,CEL,37.88
CON,CEL,40
CON,CEL,33.09
CON,CEL,32.89
CON,CEL,30.92
CON,CEL,37.3
CON,CEL,36.9
CON,CEL,34.48
CON,CEL,37.78
CON,CEL,40
CON,CEL,40
CON,CEL,38.54
CON,CEL,38.18
CON,CEL,36.95
CON,CEL,40
CON,CEL,40
CON,CEL,40
CON,CEL,40
CON,CEL,38.48
CON,CEL,40
CON,CEL,40
CON,CEL,40
CON,CEL,38.12
CON,CEL,34.56
CON,CEL,35.28
CON,CEL,40
CON,CEL,40
CON,CEL,40
CON,CEL,37.72
CON,CEL,36.52
CON,CEL,35.98
CON,CEL,37.01
CON,CEL,40
CON,CEL,40
CON,CEL,40
CON,CEL,40
CRC,COMP,35.07
CRC,COMP,40
CRC,COMP,40
CRC,COMP,40
CRC,COMP,40
CRC,COMP,40
CRC,COMP,34.93
CRC,COMP,40
CRC,COMP,40
CRC,COMP,40
CRC,COMP,37.29
CRC,COMP,40
CRC,COMP,40
CRC,COMP,40
CRC,COMP,36.91
CRC,COMP,40
CRC,COMP,40
CRC,COMP,40
CRC,COMP,35.77
CRC,COMP,40
CRC,COMP,40
CRC,COMP,31.82
CRC,COMP,40
CRC,COMP,37.14
CRC,COMP,40
CRC,COMP,40
CRC,COMP,40
CRC,COMP,40
CRC,COMP,40
CRC,COMP,37.22
CRC,COMP,40
CRC,COMP,40
CRC,COMP,40
AA,COMP,40
AA,COMP,40
AA,COMP,40
AA,COMP,36.22
AA,COMP,40
AA,COMP,40
AA,COMP,40
AA,COMP,40
AA,COMP,37.77
AA,COMP,40
AA,COMP,40
AA,COMP,40
AA,COMP,40
AA,COMP,40
AA,COMP,40
AA,COMP,40
AA,COMP,38.13
AA,COMP,40
AA,COMP,40
AA,COMP,40
AA,COMP,40
AA,COMP,40
AA,COMP,40
AA,COMP,40
AA,COMP,40
AA,COMP,40
AA,COMP,40
AA,COMP,40
Col_Neg,COMP,40
Col_Neg,COMP,40
Col_Neg,COMP,40
Col_Neg,COMP,40
Col_Neg,COMP,40
Col_Neg,COMP,40
Col_Neg,COMP,40
Col_Neg,COMP,40
Col_Neg,COMP,40
Col_Neg,COMP,40
Col_Neg,COMP,40
Col_Neg,COMP,40
Col_Neg,COMP,37.41
Col_Neg,COMP,40
Col_Neg,COMP,40
Col_Neg,COMP,40
Col_Neg,COMP,40
Col_Neg,COMP,40
CON,COMP,40
CON,COMP,40
CON,COMP,40
CON,COMP,40
CON,COMP,40
CON,COMP,35.36
CON,COMP,40
CON,COMP,40
CON,COMP,40
CON,COMP,40
CON,COMP,40
CON,COMP,40
CON,COMP,40
CON,COMP,40
CON,COMP,40
CON,COMP,40
CON,COMP,40
CON,COMP,40
CON,COMP,40
CON,COMP,40
CON,COMP,40
CON,COMP,40
CON,COMP,40
CON,COMP,40
CON,COMP,40
CON,COMP,40
CON,COMP,40
CON,COMP,40
CON,COMP,40
CON,COMP,40
CON,COMP,40
CON,COMP,40
CON,COMP,40
CON,COMP,40
CON,COMP,40
CRC,DPEP1,28.36
CRC,DPEP1,40
CRC,DPEP1,40
CRC,DPEP1,30.31
CRC,DPEP1,40
CRC,DPEP1,35.91
CRC,DPEP1,26.91
CRC,DPEP1,40
CRC,DPEP1,40
CRC,DPEP1,40
CRC,DPEP1,32.33
CRC,DPEP1,40
CRC,DPEP1,34.97
CRC,DPEP1,32.41
CRC,DPEP1,33.46
CRC,DPEP1,32.96
CRC,DPEP1,30.1
CRC,DPEP1,33.47
CRC,DPEP1,27.19
CRC,DPEP1,40
CRC,DPEP1,40
CRC,DPEP1,36.03
CRC,DPEP1,40
CRC,DPEP1,40
CRC,DPEP1,40
CRC,DPEP1,40
CRC,DPEP1,40
CRC,DPEP1,40
CRC,DPEP1,40
CRC,DPEP1,40
CRC,DPEP1,40
CRC,DPEP1,40
CRC,DPEP1,40
AA,DPEP1,40
AA,DPEP1,40
AA,DPEP1,40
AA,DPEP1,31.02
AA,DPEP1,40
AA,DPEP1,40
AA,DPEP1,40
AA,DPEP1,40
AA,DPEP1,40
AA,DPEP1,40
AA,DPEP1,33.2
AA,DPEP1,40
AA,DPEP1,40
AA,DPEP1,40
AA,DPEP1,40
AA,DPEP1,33.15
AA,DPEP1,40
AA,DPEP1,40
AA,DPEP1,31.39
AA,DPEP1,40
AA,DPEP1,40
AA,DPEP1,40
AA,DPEP1,40
AA,DPEP1,40
AA,DPEP1,40
AA,DPEP1,40
AA,DPEP1,38.2
AA,DPEP1,40
Col_Neg,DPEP1,40
Col_Neg,DPEP1,40
Col_Neg,DPEP1,40
Col_Neg,DPEP1,40
Col_Neg,DPEP1,40
Col_Neg,DPEP1,40
Col_Neg,DPEP1,40
Col_Neg,DPEP1,40
Col_Neg,DPEP1,40
Col_Neg,DPEP1,40
Col_Neg,DPEP1,40
Col_Neg,DPEP1,40
Col_Neg,DPEP1,40
Col_Neg,DPEP1,40
Col_Neg,DPEP1,40
Col_Neg,DPEP1,40
Col_Neg,DPEP1,40
Col_Neg,DPEP1,40
CON,DPEP1,40
CON,DPEP1,40
CON,DPEP1,40
CON,DPEP1,40
CON,DPEP1,40
CON,DPEP1,40
CON,DPEP1,40
CON,DPEP1,40
CON,DPEP1,40
CON,DPEP1,40
CON,DPEP1,40
CON,DPEP1,40
CON,DPEP1,40
CON,DPEP1,40
CON,DPEP1,40
CON,DPEP1,40
CON,DPEP1,40
CON,DPEP1,40
CON,DPEP1,40
CON,DPEP1,40
CON,DPEP1,40
CON,DPEP1,40
CON,DPEP1,40
CON,DPEP1,40
CON,DPEP1,40
CON,DPEP1,40
CON,DPEP1,40
CON,DPEP1,40
CON,DPEP1,40
CON,DPEP1,40
CON,DPEP1,40
CON,DPEP1,40
CON,DPEP1,40
CON,DPEP1,40
CON,DPEP1,40
CRC,CPNE7,30.23
CRC,CPNE7,31.86
CRC,CPNE7,36.86
CRC,CPNE7,28.73
CRC,CPNE7,30.63
CRC,CPNE7,40
CRC,CPNE7,26.77
CRC,CPNE7,40
CRC,CPNE7,35.57
CRC,CPNE7,36.23
CRC,CPNE7,36.17
CRC,CPNE7,40
CRC,CPNE7,40
CRC,CPNE7,32.74
CRC,CPNE7,31.96
CRC,CPNE7,38.47
CRC,CPNE7,32.15
CRC,CPNE7,37.41
CRC,CPNE7,30.51
CRC,CPNE7,38.19
CRC,CPNE7,36.86
CRC,CPNE7,33.23
CRC,CPNE7,35.44
CRC,CPNE7,31.75
CRC,CPNE7,40
CRC,CPNE7,40
CRC,CPNE7,40
CRC,CPNE7,40
CRC,CPNE7,37.32
CRC,CPNE7,34.72
CRC,CPNE7,40
CRC,CPNE7,36.45
CRC,CPNE7,35.22
AA,CPNE7,40
AA,CPNE7,40
AA,CPNE7,40
AA,CPNE7,31.76
AA,CPNE7,37.53
AA,CPNE7,40
AA,CPNE7,35.19
AA,CPNE7,40
AA,CPNE7,36.93
AA,CPNE7,40
AA,CPNE7,38.15
AA,CPNE7,40
AA,CPNE7,40
AA,CPNE7,40
AA,CPNE7,37.48
AA,CPNE7,40
AA,CPNE7,40
AA,CPNE7,40
AA,CPNE7,35.94
AA,CPNE7,40
AA,CPNE7,40
AA,CPNE7,40
AA,CPNE7,40
AA,CPNE7,40
AA,CPNE7,40
AA,CPNE7,40
AA,CPNE7,40
AA,CPNE7,35.14
Col_Neg,CPNE7,40
Col_Neg,CPNE7,40
Col_Neg,CPNE7,40
Col_Neg,CPNE7,40
Col_Neg,CPNE7,40
Col_Neg,CPNE7,40
Col_Neg,CPNE7,40
Col_Neg,CPNE7,40
Col_Neg,CPNE7,40
Col_Neg,CPNE7,40
Col_Neg,CPNE7,40
Col_Neg,CPNE7,40
Col_Neg,CPNE7,40
Col_Neg,CPNE7,40
Col_Neg,CPNE7,40
Col_Neg,CPNE7,40
Col_Neg,CPNE7,40
Col_Neg,CPNE7,40
CON,CPNE7,40
CON,CPNE7,40
CON,CPNE7,40
CON,CPNE7,40
CON,CPNE7,40
CON,CPNE7,40
CON,CPNE7,40
CON,CPNE7,40
CON,CPNE7,40
CON,CPNE7,40
CON,CPNE7,38.49
CON,CPNE7,40
CON,CPNE7,40
CON,CPNE7,40
CON,CPNE7,40
CON,CPNE7,40
CON,CPNE7,40
CON,CPNE7,40
CON,CPNE7,40
CON,CPNE7,40
CON,CPNE7,40
CON,CPNE7,40
CON,CPNE7,38.22
CON,CPNE7,40
CON,CPNE7,40
CON,CPNE7,40
CON,CPNE7,40
CON,CPNE7,40
CON,CPNE7,40
CON,CPNE7,32.04
CON,CPNE7,40
CON,CPNE7,40
CON,CPNE7,40
CON,CPNE7,40
CON,CPNE7,40
